{
    "name": "root",
    "gauges": {
        "MoveToGoal.Policy.Entropy.mean": {
            "value": 0.9947764873504639,
            "min": 0.8839040398597717,
            "max": 1.951297402381897,
            "count": 1292
        },
        "MoveToGoal.Policy.Entropy.sum": {
            "value": 9518.021484375,
            "min": 8428.9091796875,
            "max": 22544.18359375,
            "count": 1292
        },
        "MoveToGoal.Environment.EpisodeLength.mean": {
            "value": 270.48148148148147,
            "min": 37.50769230769231,
            "max": 313.2647058823529,
            "count": 1292
        },
        "MoveToGoal.Environment.EpisodeLength.sum": {
            "value": 7303.0,
            "min": 5731.0,
            "max": 14938.0,
            "count": 1292
        },
        "MoveToGoal.Step.mean": {
            "value": 12939985.0,
            "min": 29979.0,
            "max": 12939985.0,
            "count": 1292
        },
        "MoveToGoal.Step.sum": {
            "value": 12939985.0,
            "min": 29979.0,
            "max": 12939985.0,
            "count": 1292
        },
        "MoveToGoal.Policy.ExtrinsicValueEstimate.mean": {
            "value": 2.493661880493164,
            "min": -0.15234576165676117,
            "max": 2.7093324661254883,
            "count": 1292
        },
        "MoveToGoal.Policy.ExtrinsicValueEstimate.sum": {
            "value": 426.4161682128906,
            "min": -38.695823669433594,
            "max": 463.65240478515625,
            "count": 1292
        },
        "MoveToGoal.Environment.CumulativeReward.mean": {
            "value": 10.368593939446978,
            "min": -0.3183092943034493,
            "max": 12.109797392674308,
            "count": 1292
        },
        "MoveToGoal.Environment.CumulativeReward.sum": {
            "value": 290.32063030451536,
            "min": -62.070312389172614,
            "max": 547.7152249529026,
            "count": 1292
        },
        "MoveToGoal.Policy.ExtrinsicReward.mean": {
            "value": 10.368593939446978,
            "min": -0.3183092943034493,
            "max": 12.109797392674308,
            "count": 1292
        },
        "MoveToGoal.Policy.ExtrinsicReward.sum": {
            "value": 290.32063030451536,
            "min": -62.070312389172614,
            "max": 547.7152249529026,
            "count": 1292
        },
        "MoveToGoal.IsTraining.mean": {
            "value": 1.0,
            "min": 1.0,
            "max": 1.0,
            "count": 1292
        },
        "MoveToGoal.IsTraining.sum": {
            "value": 1.0,
            "min": 1.0,
            "max": 1.0,
            "count": 1292
        },
        "MoveToGoal.Losses.PolicyLoss.mean": {
            "value": 0.020871841395273805,
            "min": 0.011134537945811948,
            "max": 0.04702398991212249,
            "count": 1252
        },
        "MoveToGoal.Losses.PolicyLoss.sum": {
            "value": 0.020871841395273805,
            "min": 0.011134537945811948,
            "max": 0.04702398991212249,
            "count": 1252
        },
        "MoveToGoal.Losses.ValueLoss.mean": {
            "value": 0.018744171845416227,
            "min": 0.011809585615992546,
            "max": 1.9950924197832742,
            "count": 1252
        },
        "MoveToGoal.Losses.ValueLoss.sum": {
            "value": 0.018744171845416227,
            "min": 0.011809585615992546,
            "max": 1.9950924197832742,
            "count": 1252
        },
        "MoveToGoal.Policy.LearningRate.mean": {
            "value": 0.00022240231386590396,
            "min": 0.00022240231386590396,
            "max": 0.0002998116660627781,
            "count": 1252
        },
        "MoveToGoal.Policy.LearningRate.sum": {
            "value": 0.00022240231386590396,
            "min": 0.00022240231386590396,
            "max": 0.0002998116660627781,
            "count": 1252
        },
        "MoveToGoal.Policy.Epsilon.mean": {
            "value": 0.1741340960000001,
            "min": 0.1741340960000001,
            "max": 0.19993722200000003,
            "count": 1252
        },
        "MoveToGoal.Policy.Epsilon.sum": {
            "value": 0.1741340960000001,
            "min": 0.1741340960000001,
            "max": 0.19993722200000003,
            "count": 1252
        },
        "MoveToGoal.Policy.Beta.mean": {
            "value": 0.003709291390399999,
            "min": 0.003709291390399999,
            "max": 0.0049968673778,
            "count": 1252
        },
        "MoveToGoal.Policy.Beta.sum": {
            "value": 0.003709291390399999,
            "min": 0.003709291390399999,
            "max": 0.0049968673778,
            "count": 1252
        }
    },
    "metadata": {
        "timer_format_version": "0.1.0",
        "start_time_seconds": "1621921049",
        "python_version": "3.7.10 (default, May  3 2021, 02:48:31) \n[GCC 7.5.0]",
        "command_line_arguments": "/usr/local/bin/mlagents-learn config/moveToGoal.yaml --run-id ppo --resume --env=env/env.x86_64 --num-envs=8",
        "mlagents_version": "0.26.0",
        "mlagents_envs_version": "0.26.0",
        "communication_protocol_version": "1.5.0",
        "pytorch_version": "1.8.1+cu101",
        "numpy_version": "1.19.5",
        "end_time_seconds": "1621931587"
    },
    "total": 10538.310825092,
    "count": 1,
    "self": 2.4160677590007253,
    "children": {
        "run_training.setup": {
            "total": 0.4421560369999895,
            "count": 1,
            "self": 0.4421560369999895
        },
        "TrainerController.start_learning": {
            "total": 10535.452601296,
            "count": 1,
            "self": 10.153632106923396,
            "children": {
                "TrainerController._reset_env": {
                    "total": 17.34693006499998,
                    "count": 1,
                    "self": 17.34693006499998
                },
                "TrainerController.advance": {
                    "total": 10507.388814696074,
                    "count": 148598,
                    "self": 7.861219764876296,
                    "children": {
                        "env_step": {
                            "total": 5381.949630220092,
                            "count": 148598,
                            "self": 2864.0520191626374,
                            "children": {
                                "SubprocessEnvManager._take_step": {
                                    "total": 2499.3840803662774,
                                    "count": 869799,
                                    "self": 149.98612844760783,
                                    "children": {
                                        "TorchPolicy.evaluate": {
                                            "total": 2349.3979519186696,
                                            "count": 807813,
                                            "self": 480.2991697338214,
                                            "children": {
                                                "TorchPolicy.sample_actions": {
                                                    "total": 1869.0987821848482,
                                                    "count": 807813,
                                                    "self": 1869.0987821848482
                                                }
                                            }
                                        }
                                    }
                                },
                                "workers": {
                                    "total": 18.513530691177294,
                                    "count": 148598,
                                    "self": 0.0,
                                    "children": {
                                        "worker_root": {
                                            "total": 83978.63114639906,